                                                                                mysql> CREATE PROCEDURE totalgaji()                                                 -> SELECT sum(salary) as "Total Gaji";                                      Query OK, 0 rows affected (0.03 sec)                                                                                                                            mysql> call totalgaji();                                                        ERROR 1054 (42S22): Unknown column 'salary' in 'field list'                     mysql> CREATE PROCEDURE totalgaji()                                                 -> SELECT sum(salaries) as "Total Gaji";                                    ERROR 1304 (42000): PROCEDURE totalgaji already exists                          mysql> CREATE PROCEDURE totalgajii()                                                -> SELECT sum(salaries) as "Total Gaji";                                    Query OK, 0 rows affected (0.00 sec)                                                                                                                            mysql> call totalgajii();                                                       ERROR 1054 (42S22): Unknown column 'salaries' in 'field list'                   mysql> CREATE PROCEDURE total_gaji()                                                -> SELECT sum(salaries.salary) as "Total Gaji"                                  -> from salaries;                                                           Query OK, 0 rows affected (0.00 sec)                                                                                                                            mysql> call total_gaji;                                                         +------------+                                                                  | Total Gaji |                                                                  +------------+                                                                  |   87000000 |                                                                  +------------+                                                                  1 row in set (0.08 sec)                                                                                                                                         Query OK, 0 rows affected (0.09 sec)                                                                                                                            mysql> CREATE PROCEDUR totalgaji_sekarang()                                         -> SELECT sum(salary) as "Gaji"                                                 -> from salaries                                                                -> where year(to_date)="201";                                               ERROR 1064 (42000): You have an error in your SQL syntax; check the manual that corresponds to your MySQL server version for the right syntax to use near 'PROCEDUR totalgaji_sekarang()                                                        SELECT sum(salary) as "Gaji"                                                    from salaries                                                                   where y' at line 1                                                              mysql> DROP PROCEDURE totalgaji;                                                Query OK, 0 rows affected (0.14 sec)                                                                                                                            mysql> DROP PROCEDURE totalgajii;                                               Query OK, 0 rows affected (0.00 sec)                                                                                                                            mysql> CREATE PROCEDURE totalgaji_now()                                             -> SELECT sum(salary) as "Total Gaji"                                           -> from salaries                                                                -> where to_date < now;                                                     Query OK, 0 rows affected (0.07 sec)                                                                                                                            mysql> CREATE PROCEDURE totalgaji_sekarang()                                        -> SELECT sum(salary) as "Total Gaji"                                           -> from salaries                                                                -> where to_date > now;                                                     Query OK, 0 rows affected (0.00 sec)                                                                                                                            mysql> call totalgaji_sekarang();                                               ERROR 1054 (42S22): Unknown column 'now' in 'where clause'                      mysql> CREATE PROCEDURE totalgaji_terkini()                                         -> SELECT sum(salary) as "Total Gaji"                                           -> from salaries                                                                -> where to_date > (now);                                                   Query OK, 0 rows affected (0.00 sec)                                                                                                                            mysql> call totalgaji_terkini();                                                ERROR 1054 (42S22): Unknown column 'now' in 'where clause'                      mysql> CREATE PROCEDURE totalgajisekarang()                                         -> SELECT sum(salary) as "Total Gaji"                                           -> from salaries                                                                -> where to_date > now();                                                   Query OK, 0 rows affected (0.04 sec)                                                                                                                            mysql> call totalgajisekarang();                                                +------------+                                                                  | Total Gaji |                                                                  +------------+                                                                  |   71000000 |                                                                  +------------+                                                                  1 row in set (0.09 sec)                                                                                                                                         Query OK, 0 rows affected (0.09 sec)                                                                                                                            mysql> select * from salaries;                                                  +--------+----------+------------+------------+                                 | emp_no | salary   | from_date  | to_date    |                                 +--------+----------+------------+------------+                                 |  10001 |  8000000 | 2011-01-01 | 2016-01-01 |                                 |  10002 |  3500000 | 2013-05-01 | 2018-05-01 |                                 |  10003 |  4000000 | 2012-05-06 | 2017-05-06 |                                 |  10004 |  4000000 | 2012-05-06 | 2017-05-06 |                                 |  10005 | 13500000 | 2010-05-06 | 2015-05-06 |                                 |  10006 |  2500000 | 2011-11-11 | 2016-11-11 |                                 |  10007 |  8500000 | 2011-10-12 | 2016-10-12 |                                 |  10008 |  8000000 | 2005-01-12 | 2010-01-11 |                                 |  10008 |  5000000 | 2010-01-12 | 2015-01-12 |                                 |  10009 |  8000000 | 2008-10-10 | 2013-10-09 |                                 |  10009 |  9000000 | 2013-10-10 | 2018-10-10 |                                 |  10010 | 10000000 | 2012-01-01 | 2017-01-01 |                                 |  10011 |  3000000 | 2011-01-11 | 2016-01-11 |                                 +--------+----------+------------+------------+                                 13 rows in set (0.00 sec)                                                                                                                                       mysql> show tables;                                                             +-------------------+                                                           | Tables_in_company |                                                           +-------------------+                                                           | departments       |                                                           | dept_emp          |                                                           | dept_manager      |                                                           | employees         |                                                           | salaries          |                                                           +-------------------+                                                           5 rows in set (0.00 sec)                                                                                                                                        mysql> select * from employees;                                                 +--------+------------+------------+-----------+--------+------------+          | emp_no | birth_date | first_name | last_name | gender | hire_date  |          +--------+------------+------------+-----------+--------+------------+          |  10001 | 1988-01-01 | Lorne      | Malvo     | M      | 2011-01-01 |          |  10002 | 1987-02-03 | Tony       | Stark     | M      | 2013-05-01 |          |  10003 | 1989-01-01 | Peter      | Parker    | M      | 2012-05-06 |          |  10004 | 1990-11-12 | Felicia    | Hardy     | F      | 2012-05-06 |          |  10005 | 1980-01-01 | Wanda      | Maximoff  | F      | 2010-05-06 |          |  10006 | 1985-02-04 | Carol      | Denvers   | F      | 2011-11-11 |          |  10007 | 1987-03-04 | Bruce      | Banner    | M      | 2011-10-12 |          |  10008 | 1967-05-05 | Steve      | Rogers    | M      | 2005-01-12 |          |  10009 | 1973-10-05 | Walter     | White     | M      | 2003-04-03 |          |  10010 | 1983-11-01 | Peter      | Quill     | M      | 2007-01-11 |          |  10011 | 1983-12-01 | Bruce      | Wayne     | M      | 2011-01-11 |          |  10012 | 1987-11-03 | Barbara    | Gordon    | F      | 2008-01-10 |          +--------+------------+------------+-----------+--------+------------+          12 rows in set (0.00 sec)                                                                                                                                       mysql> desc employees;                                                          +------------+---------------+------+-----+---------+-------+                   | Field      | Type          | Null | Key | Default | Extra |                   +------------+---------------+------+-----+---------+-------+                   | emp_no     | int(11)       | NO   | PRI | NULL    |       |                   | birth_date | date          | NO   |     | NULL    |       |                   | first_name | varchar(14)   | NO   |     | NULL    |       |                   | last_name  | varchar(16)   | NO   |     | NULL    |       |                   | gender     | enum('M','F') | NO   |     | NULL    |       |                   | hire_date  | date          | NO   |     | NULL    |       |                   +------------+---------------+------+-----+---------+-------+                   6 rows in set (0.00 sec)                                                                                                                                        mysql> create procedure(emp_no int(11))                                             -> select salary as "Gaji Karyawan"                                             -> from salaries                                                                -> where emp_no like salaries.emp_no;                                       ERROR 1064 (42000): You have an error in your SQL syntax; check the manual that corresponds to your MySQL server version for the right syntax to use near '(emp_no int(11))                                                                     select salary as "Gaji Karyawan"                                                from salaries                                                                   where emp_no lik' at line 1                                                     mysql> create procedure(emp_no int(11))                                             -> select salary as "Gaji Karyawan"                                             -> from salaries                                                                -> where salaries.emp_no like emp.no;                                       ERROR 1064 (42000): You have an error in your SQL syntax; check the manual that corresponds to your MySQL server version for the right syntax to use near '(emp_no int(11))                                                                     select salary as "Gaji Karyawan"                                                from salaries                                                                   where salaries.e' at line 1                                                     mysql> create procedure(emp_no int(11))                                             -> select salary as "Gaji Karyawan"                                             -> from salaries                                                                -> where salaries.emp_no like emp_no;                                       ERROR 1064 (42000): You have an error in your SQL syntax; check the manual that corresponds to your MySQL server version for the right syntax to use near '(emp_no int(11))                                                                     select salary as "Gaji Karyawan"                                                from salaries                                                                   where salaries.e' at line 1                                                     mysql> create procedure gajikaryawan(emp_no int(11))                                ->                                                                              -> select salary as "Gaji Karyawan"                                             -> from salaries                                                                -> where salaries.emp_no like emp_no;                                       Query OK, 0 rows affected (0.02 sec)                                                                                                                            mysql> call gajikaryawan(emp_no int(11));                                       ERROR 1064 (42000): You have an error in your SQL syntax; check the manual that corresponds to your MySQL server version for the right syntax to use near 'int(11))' at line 1                                                                  mysql> call gajikaryawan(emp_no);                                               ERROR 1054 (42S22): Unknown column 'emp_no' in 'field list'                     mysql> select * from salaries;                                                  +--------+----------+------------+------------+                                 | emp_no | salary   | from_date  | to_date    |                                 +--------+----------+------------+------------+                                 |  10001 |  8000000 | 2011-01-01 | 2016-01-01 |                                 |  10002 |  3500000 | 2013-05-01 | 2018-05-01 |                                 |  10003 |  4000000 | 2012-05-06 | 2017-05-06 |                                 |  10004 |  4000000 | 2012-05-06 | 2017-05-06 |                                 |  10005 | 13500000 | 2010-05-06 | 2015-05-06 |                                 |  10006 |  2500000 | 2011-11-11 | 2016-11-11 |                                 |  10007 |  8500000 | 2011-10-12 | 2016-10-12 |                                 |  10008 |  8000000 | 2005-01-12 | 2010-01-11 |                                 |  10008 |  5000000 | 2010-01-12 | 2015-01-12 |                                 |  10009 |  8000000 | 2008-10-10 | 2013-10-09 |                                 |  10009 |  9000000 | 2013-10-10 | 2018-10-10 |                                 |  10010 | 10000000 | 2012-01-01 | 2017-01-01 |                                 |  10011 |  3000000 | 2011-01-11 | 2016-01-11 |                                 +--------+----------+------------+------------+                                 13 rows in set (0.00 sec)                                                                                                                                       mysql> call gajikaryawan('1%%01');                                              Empty set (0.03 sec)                                                                                                                                            Query OK, 0 rows affected, 1 warning (0.03 sec)                                                                                                                 mysql> call gajikaryawan('10001');                                              +---------------+                                                               | Gaji Karyawan |                                                               +---------------+                                                               |       8000000 |                                                               +---------------+                                                               1 row in set (0.00 sec)                                                                                                                                         Query OK, 0 rows affected (0.00 sec)                                                                                                                            mysql> show tables;                                                             +-------------------+                                                           | Tables_in_company |                                                           +-------------------+                                                           | departments       |                                                           | dept_emp          |                                                           | dept_manager      |                                                           | employees         |                                                           | salaries          |                                                           +-------------------+                                                           5 rows in set (0.00 sec)                                                                                                                                        mysql> select * from employees;                                                 +--------+------------+------------+-----------+--------+------------+          | emp_no | birth_date | first_name | last_name | gender | hire_date  |          +--------+------------+------------+-----------+--------+------------+          |  10001 | 1988-01-01 | Lorne      | Malvo     | M      | 2011-01-01 |          |  10002 | 1987-02-03 | Tony       | Stark     | M      | 2013-05-01 |          |  10003 | 1989-01-01 | Peter      | Parker    | M      | 2012-05-06 |          |  10004 | 1990-11-12 | Felicia    | Hardy     | F      | 2012-05-06 |          |  10005 | 1980-01-01 | Wanda      | Maximoff  | F      | 2010-05-06 |          |  10006 | 1985-02-04 | Carol      | Denvers   | F      | 2011-11-11 |          |  10007 | 1987-03-04 | Bruce      | Banner    | M      | 2011-10-12 |          |  10008 | 1967-05-05 | Steve      | Rogers    | M      | 2005-01-12 |          |  10009 | 1973-10-05 | Walter     | White     | M      | 2003-04-03 |          |  10010 | 1983-11-01 | Peter      | Quill     | M      | 2007-01-11 |          |  10011 | 1983-12-01 | Bruce      | Wayne     | M      | 2011-01-11 |          |  10012 | 1987-11-03 | Barbara    | Gordon    | F      | 2008-01-10 |          +--------+------------+------------+-----------+--------+------------+          12 rows in set (0.00 sec)                                                                                                                                       mysql> desc employees;                                                          +------------+---------------+------+-----+---------+-------+                   | Field      | Type          | Null | Key | Default | Extra |                   +------------+---------------+------+-----+---------+-------+                   | emp_no     | int(11)       | NO   | PRI | NULL    |       |                   | birth_date | date          | NO   |     | NULL    |       |                   | first_name | varchar(14)   | NO   |     | NULL    |       |                   | last_name  | varchar(16)   | NO   |     | NULL    |       |                   | gender     | enum('M','F') | NO   |     | NULL    |       |                   | hire_date  | date          | NO   |     | NULL    |       |                   +------------+---------------+------+-----+---------+-------+                   6 rows in set (0.00 sec)                                                                                                                                        mysql> CREATE PROCEDURE(IN emp_no(int(11))                                          -> ;                                                                        ERROR 1064 (42000): You have an error in your SQL syntax; check the manual that corresponds to your MySQL server version for the right syntax to use near '(IN emp_no(int(11))' at line 1                                                       mysql> CREATE PROCEDURE namadep(IN nopeg INT(11))                                   -> SELECT dept_name FROM departments, dept_emp                                  -> WHERE departments.dept_no=dept_emp.dept_no                                   -> AND dept_emp.emp_no=nopeg;                                               Query OK, 0 rows affected (0.00 sec)                                                                                                                            mysql> CALL namadep(10002);                                                     +--------------+                                                                | dept_name    |                                                                +--------------+                                                                | Distribution |                                                                +--------------+                                                                1 row in set (0.03 sec)                                                                                                                                         Query OK, 0 rows affected (0.03 sec)                                                                                                                            mysql> CREATE PROCEDURE namausia(IN kodedep CHAR(4))                                -> SELECT CONCAT(first_name, " ", last_name)                                    -> AS "Nama Lengkap", (CURDATE()-birth_date) DIV 365 As "usia"                  -> FROM employees e, dept_emp d                                                 -> WHERE e.emp_no=d.emp_no;                                                 Query OK, 0 rows affected (0.04 sec)                                                                                                                            mysql>                                                                          